百余名诺贝尔奖得主联合签名支持转基因作物,中国两院士签名,,,宁夏在线
cad为什么有些用×,有些用,
大学学籍证明怎么开
鬼搜天龙
夏日福星电梯动图
看门狗2按键盘就卡
和信孔雀天成小区内绿化实景图,成都搜房网
单人旁一个奶子的右半边
,客家咸菜橄榄菜企业名录,,客家咸菜橄榄菜黄页/公司库/大全/厂家/供应商,,,阿土伯企业名录
店铺装修有种反光的材料叫什么
为什么时间有农历和公历呢?
考研面试关于教育热点问题
隔膜气压罐有3c
而作为这个价位少有的运动型轿车,新cc应该会延续之前的市场表现.
法网中国最后一朵金花也谢了,李娜称输球很正常,网球频道,nike新浪竞技风暴,新浪网
查月经不调
gucci,390
如果吃的话会不会影响到减脂的效果呢,百度知道
外汇交易那个平台好
恐嘴雏龙刚刚
cad表格应用技巧集锦
禁欲系少年,退行性,睾丸
socket,用来发送和接收的函数
目前,震区仍时有余震发生.
黑桃梅花红桃的符号
电车的英文
雅克,普雷维尔,mobi
nicholaskirkwood乐福鞋
all,are,in,the,world
地面太高
磨牙,驱虫
用不了10年,以上四个象限中的工作模式就会出现在劳动力生态系统中.
泵流量,英文
但是在设计师眼里却是一块宝贝,小户型设计出的方案更有感觉,更大气高尚.
2016年8月9日,奇瑞汽车与中国联通在北京签署了双方的全面战略合作协议,明确了双方资源共享,创新发展的战略合作思路,也将双方集团层面的深入跨界合作推上了一个新的高度.
南京二手房成交量跳水,部分区域中介佣金降7成,中新网
,基因测序,一个近来火得不行的词,不管是癌症病人,孕产妇,新生儿还是普通老百姓,都或多或少会接触到它.
万明府,曲艺团
如何利用asp.net,mvc保存电子商务网站用户信息,,,51cto.com
raw,编辑器
岳刚同时指出,这个部门是军民深度融合的试验田,距离探索成熟还需要一定时间,才能逐渐找到符合改革目标的举措,最终将资源更好利用,保障相关群体利益.
国内最大的鱼虫市场
所有西西弗书店的店面设计都非常统一,尤其是特别醒目的图书分区地图.
truthfacts
天堂2,破坏纹身
14,11,7/1
碧蓝幻想boss
请问哪可以买到佑爱珠宝?
床垫太软可以在上面放个棕色垫子吗
其次要有土地证和房产备案,再拿上购房合同,就可以落户,但这个答案没有落实,不知道
8月18日记者获悉,日前,被告人马某甲因犯合同诈骗罪被岷县人民法院一审判处有期徒刑3年,并处罚金人民币5万元.
we,团队
稍夺之权的稍
温州鹿城区广信大丌
护士英语怎么读,发音
,,,爱问知识人
图书张蕙兰
真空电磁搅拌器
近期债市的火爆,刺激了部分机构加杠杆行为,这些因素的连锁反应或导致了短期资金面趋紧.
海边海边
h1z1开始怎么选枪
herx,029
斯内普的性感丑闻
销,因为要交1万多元,听课费.最后还是什么也学不会.
牛妹采访了成都雅趣舍的邮票商户张先生,他说:
4,让她相信"公主梦"
承接项目做代运营主要做什么
机场路163号和丽酒店旁
广东省广州市花都区纸箱厂
2016年,在200个公立医院综合改革试点城市开展家庭医生签约服务,到2020年,基本实现家庭医生签约服务制度的全覆盖.
2015年板材十大品牌,"隔音"对人的"有益",百度文库
微信,对方发来的验证信息,怎么拒绝
有机肥of1
莱州市沙河镇路旺原家宏达塑料厂
企业网络,如何限制微信视频
团体焦点访谈
大众创业万众创新研究报告,图文,百度文库
是不是所有的吉他都一样
大陆武侠电影,太极拳
oppo,r7sm手机的来电转接在哪?,百度知道
心跳一分钟正常值多少
该展销会的组织者是永福花农陈廷川.
国务院办公厅百度信誉档案
我没想到,活到今天,父亲对我的痛打,竟使我那样感到安慰和幸福
在下方可以留下你的评论哦.
天空战记,09(国语),,,在线观看,,,动漫,,,乐视视频
field,stations
滨海新天地房价,滨海新天地价格,滨海新天地均价,海南房天下
图中存在的有关安全文明施工的问题有(),预留洞口临边防护未设置
温州人笑到了最后.
大会的召开将给惠州中医药文化发展带来拉风添力之效,除此之外可以充分利用罗浮山这个中草药宝库,打好"葛洪"文化牌,推动中医药经济文化的健康发展.
盘点:演技不输年轻人的老演员,孙桂田,王丽云,张少华上榜!
xcode,卸载插件
行洪通道保护规划
塑形仪器减肥会反弹吗
,,,爱问知识人
其中,交通执法部门的主要检查内容是驾驶员的从业资格证和道路运输证.
表3,固体发酵前后桑叶70%乙醇提取物的fe3+还原能力3.6,螯合能力样品与fe2+螯合能力见表4.
14块宣传展板以移风易俗,孝德名言,手足之情等为主题,摆放错落有致,内容丰富多样.
贝恩的数据显示,alexa占有美国智能音箱市场70%的份额.
nike,pro紧身裤破洞怎么补救啊?
production,,howard,arts
野马5.0gt马力
2,喂养:在喂养方面母牛正常喂养就行,到了小牛出生之后就和普通小牛不一样了,小牛从出生到10个月这个阶段是成长期,基础得打好,最需要注意的就是要让小牛多吃.
,机床公司,2017年机床黄页大全,,黄页88网
飞到上的人对什么两门学科都有精深的造诣
all,deals,,,bestbuys
再看看乌克兰的精英知识分子在干啥?
roxxygold
只能看到一个word,百度知道
新股配号就是合同编号
online,store,operator
pcam
今后,税务机关以满足纳税人的合理化服务需求为导向,对需求信息进行分类评估,分别采取不同的处理方式.
上海对外经贸大学2016年浙江高考录取分数线,一本投档线,91高考网
三枪,电影结束了.
刘斌堡村第一书记
cippe2018采购对接会为促进参展商与参观商现场达成交易,cippe2018将举办一对一采购对接会.
nat技术,教育,高清视频,爱奇艺
#西林男子强奸岳母#被判刑,妻...,来自新浪广西,,,微博
佳能扫描仪和爱普生哪个好?
承你贵言,英文
site:www.51ape.com,美国
小规模纳税人在国税代开专票后,普票的税率怎么收?
电视剧《我们家的女人们》中饰演姜素拉的恋人.
中油瑞飞商业智能
2017亚冠苏宁比赛视频乐事
肖传国正式提交上诉状,称一审判决被舆论左右,法治频道,新华网,
花旗分析师埃文斯(tim,evans)表示,众人期待的全球油市再平衡进程受到阻滞.
微波炉热水要多久
国家质量监督检验检疫总局
三叶草标志高清壁纸
比赛彻底进入垃圾时间,26分钟ehome开雾在上路先杀敌法师,术士帕克双大断了eclipse后排所有人,上古巨神放空裂地沟壑后表示先跑为敬,帕克一路狂追将其送回泉水,再次经历五人团灭后eclipse打出gg,恭喜ehome挺进败者组第三轮.
周一(8月8日)由于市场仍在消化上周强劲非农的影响,且美联储当天公布的lmci数据向好,提振美联储加息的预期,美元兑一篮子货币维持强势,金价承压盘中一度刷新1329.99美元的逾一周低位,但之后反弹回稳,表明此前跌势失去动能.
中粮农业客户
华人之灾与"鼠疫"谎言
派出所干警帮助农民耕作
本人有3台移山160推土机,1台卡特320c挖机,2台压路机,2台装载机,1台py160平地机,跪求发展方案?,百度作业帮
海南省公务员考生来源怎么填
林俊杰时线上座率
8时37分返航的飞机开始相继降落在四艘航空母舰飞行甲板上.
批量改qq资料
狂野飙车无法建立服务器连接
四五打印助手客服电话
leon,lai,na,you,yi,tian,bu,xiang,ni,视频在线观看,,,56.com
/安徽省天康药业有限公司
罗斯极限拉杆
蔬菜果摆拍图
澳门皇冠官网
菲或采取"更软"的方式
,智能多媒体箱,,智能多媒体箱厂家,智能多媒体箱批发市场,,,阿里巴巴
,牵手,,牵手mp3下载,苏芮手机铃声牵手,牵手歌曲
甜美钢铁万圣节,《坦克世界》豪送金币战车,游戏,腾讯网
哺乳期喝灵芝水可以下奶吗,育儿问答,摇篮网,
鸡蛋壳手工制作小猪
中国农资网化肥报价
移动如何取消流量安心包
可悲的是,在现实生活中,这种见利忘义,贪心无边的人还在层出不穷!
张艺兴郑凯郭采洁电影
angry,grandpa,cancer
节前一周高炉开工率低位持平至63.7%,同比增速,15%,跌幅仍大.
服用gnc鱼油后为何长痘痘?
医疗美容服务管理办法(2016修正
上海旭辉圆石滩周围有维修的吗?
人流术后清宫金华哪里好?
灌南县,小女孩
盘点陈乔恩的6个角色,你最喜欢哪一个?
cinema,4d,tools4d,voxygen方块像素效果插件使用教程-在线播放-优酷网,视频高清在线观看
有盐黄油跟淡盐黄油有什么不同?
天气太好,站在大道旁有些舍不得走.
不明原因肺炎的发现,报告
山东营养师证书
通风不良,二氧化碳浓度过大,会诱使牛舌菌子实体畸形.
函数地址保存在哪里
美元兑一篮子货币从周二触及六周低位后反弹,上升0.5%.
课题开题会主持词
7,11便利店布局设计的秘密,格调货架,新浪博客
,,,,,除了隶书造诣奇绝,潘尚涵的行书作品也是极有造诣,完全是紧追兰亭的神逸自由笔墨技法.
iphone刷机后sim卡无效
盐官镇这地方在祁山东北十公里处,地有盐井,可以产出卤盐,所以历代在这里都设置了盐官监管,故称盐官镇,又叫作卤城.
金刚钻无线充电器
提高谋划工作的质量,就是要做到"思有方,谋有据",坚持用习近平新时代中国特色社会主义思想武装头脑,指导实践,推动工作,坚定不移贯彻落实党中央部署要求,提高政治站位,把握政治定位,履行政治责任,坚持组织路线服务政治路线的总原则,组织部门的一切工作,都要着眼于我们党执政地位的巩固和增强,着眼于党和人民事业的发展.
宁波机动车登记,外地购买
公文在传达制发机关决策与意图,体现制发机关的意志与权力方面的童要特征是
通博娱乐手机出纳网址导航,通博娱乐手机出纳优惠大全
祝贺所有获奖的参赛选手们!
相比mate10坚持的16:9屏幕而言,mate10pro用上了18:9的全面屏,不过分辨率上有所遗憾,没能像mate10那样使用2k分辨率,分辨率仅为2160x1080.
一是行业固定资产投资增速逐步放缓的问题,成本负担重,融资难融资贵,环保监管手续繁琐,部分行业结构性产能过剩等是影响纺织企业在国内投资积极性下降的主要原因.
我的世界格雷教程
什么是司法鉴定人
攸县召开旅游安全生产工作会议,网易新闻
因为李逵造反会直接影响到天庭对天罡地煞的评价,也会影响他们死后的归宿.
企业高管维权,,,上海劳动法专业律师,,上海劳动保障法律网,,上海劳动合同律师,,企业法律顾问
在当前经济环境下,就有了大量的新三板公司将股权质押给银行以获得更多的资金.
重庆零距离清洁服务有限公司
青州宿根福禄考
中文博士项目,泰国博仁大学
中班音乐洋娃娃和小熊跳舞,教案
2015年想升入北仑中学的童鞋必看!
湄潭县电信公司招聘信息
福州市25路
问答专区奖励政策
邯郸公园鳄鱼
jpsex,xxx
18922210307
second,order,polynomial,fitting
鹈鹕全队前三节的缩放轮转都很到位--戴维斯亲自参与上线夹击控制开拓者三分球,利拉德与cj加起来41投13中;
羊城晚报的logo
教师资格证思想品德鉴定表自己写完让别人卡章
我的极品老婆回忆录更新多少了
天安保险,南昌公司
北京国家电影节
abbyy,finereader,v9,xiazai
校园武术将成为西安市"武术六进"重点散打也将在学生中全面推开
重庆市轻工业学校招生简章
美女的下面隐私视频
谢谢!
,全球大健康产业招募事业伙伴(临床),厦门遨游天地教育咨询有限公司招聘,,,,赶集网
一般来说,在保持饮食量不变的基础上,每次游泳1小时,每周游泳3到4次,可减肥1斤.
tensorflow,丢掉多余的维度
hp,officejet,pro,8710驱动
精子啤酒
我爱我的家乡,百度作业帮
生活化又极具现实感的几位主角,让《火海凌云》成为了一部与众不同的剧情扎实的灾难片,观众在感受视觉惊艳的同时,亦会被片中人性的力量所感染.
天猫申请换货后,还能评价吗
怀化市土地开发行业
双机抬吊英语翻译
,枪钥匙扣,枪钥匙扣价格/图片,枪钥匙扣批发/采购,枪钥匙扣厂家/供应商,阿里巴巴
8月20日,长沙,刘争荣和妻子王燕正在梅溪湖看房.
没错,它们的故乡都在日本.
空降兵特种大队已集结100名伞兵,准备空投到汶川,广西,新闻,腾讯网
恶女徽章如何在一天内快速获得?
,都说新约和旧约之间存在着内在的关系.能不能列举一些关系.,百度作业帮
dnf女机械无尽祭坛加什么属性
晋商主要是在明清时期活动的比较平凡,当时主要经营盐业,也就是贩盐,那时候的盐业可是暴利的行业,一般都是官府垄断的,所以能够经营盐业,是非常有钱的.
都是快餐自带方便面干嘛,暴走漫画大合集,730辑,,游侠网,ali213.net
成捷讯线路3.0破解补丁如何使用
这样两个人在对儿子的漫长搜索中保持了一种奇怪的状态,直到最后看到一具尸体,两个人失控的痛哭,在观众来看都像演戏,或者说对自己内心的一个交代.
插入电脑一个优越者集线器,电脑上多了一个移动磁盘
萧县恒丰饲料有限公司
斯德哥尔摩十月天气预报,斯德哥尔摩十月平均气温查询,租租车
toast,宽度
每天增加一两手食物或作为零食食用,以保持健康的营养.
word中删除时把字删除了
西门子蒸汽炉
没想到国民党会对蔡英文的台独政策投赞成票
注意网站的哪些细节问题呢?
huangshan,mountainticket,price
冒险岛2赚钱吗
可以播放上下的vr播放器
白癜风西医治疗方法都有哪些,如果不小心得了白癜风会怎样,沈阳白癜风治疗需要价格
韩国成人激情网
cc,2210封装
全国高校思想政治工作座谈会上的讲话
开平市劳动就业培训
李谷一老师身高,百度知道
美式家具市场调查报告,百度知道
如何从微信提取手机号码
光绪《安徽通志》清代按察使表史实订补.pdf
各式各样的什么填合适的词
《快枪手》终极预告开枪放贱,林更新激吻,娱乐,高清视频,爱奇艺
《百货股》丽婴房今年拚转盈,明年本业可望改善
要么不进塔.
橙子花精油使用方法
反稀释,加权平均
美得设计
毛泽东诗词霸气
水晶3d立体画
宁波高新区凯笛户外用品
多少级算回归,天涯明月刀,wuxia问答专区,帮帮问答,腾讯游戏帮帮
简述反不正当竞争法的救济程序.
不管你承不承认,家装行业几个大趋势正在发生!
四川久远银海软件股份有限公司高新技术企业吗
关于不作为犯罪,下列哪儿些选项是正确的
斗战圣佛孙小凡
四季的图画
董事会处于多事之秋也是中融人寿增资迟迟未落地的原因.
广州美术学院,实验艺术
湖南公务员难考吗
well,paper,engine破解
13888109777
什么是美联储点阵图
亦庄同仁堂
香港空姐"尸藏衣柜"案告破,前男友潜逃3年落网,在线观看,风行网
春天天气真好,花儿都开了,杨柳树枝对着我们弯弯腰,蝴蝶姑娘飞来了,蜜蜂嗡嗡叫,小
重庆市沙坪坝区豪富藤艺厂
听说是绯闻(娱乐圈)txt
天正建筑2014构件库
只有神知道的世界无修
可是几次交锋之后却发现,双方都无法满足彼此的需求,只好退而求其次,一个做情妇,一个继续浪荡,就在这时,战争爆发了.
,2017年赤峰源康医药有限公司最新招聘信息,电话,地址,,,赶集网
人教版语文四年级引导自学教学设计
袁承业有一个重要的理念:没有兴趣是做不好工作的,但是个人的兴趣和爱好必须服从国家的需要,要始终把国家的需要放在第一位,要为国家建设服务.
其中有位宾客开心喊"祝你们早生贵子"后,只见林心如立即回应"会的会的,马上就会一家三口了",
全成就奖杯一览,游迅网
,藤缠楼,为女死为女亡!
吸血鬼传奇分类号
对于勇士队和库里来说,他们刚刚经历了一个不平凡的月份.
以下为发言实录:
spring,安全框架,用户登录
这也是很多人面对使用多个建筑物的对手时,头疼的地方.
小谷围大学城公租房项目施工总承包在广州公共资源交易中心顺利完成公开招标.
日前,常州市金坛区人民法院对这起蹊跷的交通事故责任纠纷案进行了一审宣判.
dede,批量增加子栏目
再一次斜线扣杀得手之后,林丹最终以21,7拿下了首局比赛.
dmpt(二甲基,β,丙酸噻亭)使用说明
《一》像是一种最初状态的音乐表达.
fly,澈冰的分享,,,微盘
asko's,home,pub,fridge,is,a,fridge,for,real,men
神话版三国,精神天赋
五金车载外壳
即便是铁板钉钉的事了,网友仍表现出"冰火两重天"的极端态度,赞成和反对的声音都有.
美国末日,中文版
浦东彩民擒大乐透273万大奖(图),网易新闻中心
山东省教师编省统考可以报2个地方吗?
特朗普上周在艾奥瓦州的一场造势活动上告诉支持者,希拉里"身体不够强壮,当不了总统".
能不能教下哦,百度知道
ps铅笔工具是干嘛的
bienfait,multi,vital,night,兰蔻
莪是吃醋的贴吧
加湿器可以除甲醛吗
dvdes,873,旦那の居ぬ间に突撃交渉!幼稚园に子供を送った帰りのママ友さんたち!童
canon,eos,40d,review:,digital,photography,review
防有机溶剂呼吸器
part3接下来我跟大家讲一下roadstar基于前融合技术所开发的无人驾驶系统.
象龟陆龟木龟,手工客官网
报名方式:电话报名(上午:8:30,12:00,下午3:00,18:00).
,,,爱问知识人
第四支付宝
完整的春笋
mac照片图库的文件夹
抓住典型题是解题能力形成的前提,形成解题能力还要进行
还具有去除膻味,怪味,增加菜肴特殊香味的作用,在烹饪中可与白豆蔻同用或代用.
我叫mt2宠物陆行巨兽怎么获得,百度知道
cocolday卫生巾
不锈钢套锅
小明,饮料
inputformat程序怎么运行
夏天来了,虽然压箱底的美美的衣服可以穿上了,但是因为炎热导致妆容花的快,真的是让无数女生头疼,尤其是大油皮,冬天还能在干皮面前嘚瑟,自己不会干的像是金蛇脱壳.
海马体收费
从此,便有了逢年泼水的习俗.
1000毫升,700毫升,300毫升
莆田,郑,秀琼
,白沙镇把精准扶贫工作作为今年乃至今后一段时期内的中心任务,该镇党员干部每人挂钩一户贫困户,全部深入到83户精准扶贫户中了解家庭成员,教育,就医,住房,就业意愿等具体情况,因户制宜,一户一策,制定脱贫攻略.
webdriver,chrome,页面有的元素,无法获取
深圳金峰伟业电子科技有限公司
早在2009年,刚刚从ucweb进化成为的"uc浏览器"就开始推动小说,音视频,游戏的分发业务,收获颇丰.
市政工程施工必须需要资质吗
天然屏障.
宜春社保查询个人账户
代办北京科技职业学院英语六级证,,,album,on,imgur
涉案团购项目都是商户上传;
win10夜灯模式
总结国内游戏工作室实力是很强大的,但是想要赚钱还是网游来的更直接,所以愿意做一个好单机的并不多,但是我更希望这些游戏厂商可以重视这样一次性买断的游戏.
判断点击按钮是否执行
matlab图像处理小波分解与重构
三轴模组淘宝
平行导线,电容
2017厦门痛仰演唱会
,中字,htc,one,m8对比评测三星galaxy,s5,,,htc,one,htc,m8,htc,one,m8,三星,s5,三星galaxy,s5,,,it之家
此外,微量元素缺乏,精神紧张,高脂肪或高碳水化合物饮食都是痤疮的诱因.
这样的变化,是行政主导学校办学的结果.
据报导,这段影片在几个月前拍摄,德普看起来十分暴躁,在厨房里走来走去,踢柜子,不停地咒骂,艾梅柏一直问他:"发生了什么事?"
,奥迪专用挡泥板,,奥迪专用挡泥板图片,价格,,,淘宝网
他告诉群主,自己家里条件不错,是做实业的,红包发了就发了,不打算追回.
《万岁通天帖》正如一座蕴藏丰盛的宝库,不同的人在其中得到了不一样的"宝物".
《刺客信条4:黑旗》全支线任务图文攻略,收集品100%,托尔蒂(二),游民星空,gamersky.com
这款游戏给我最大的特色优势就在于我们完全不需要用人地思考去玩这款游戏,你就是一头狼.
而之所以在如此糟糕的防守下红军还能取得本赛季的成绩,前场的三叉戟功不可没.
即使这样,印度45%的成年人是文盲,这恐怖吧.
13450626195
,,,爱问知识人
华谊如果没有冯小刚,他就缺一块,英雄互娱也一样.
bootstrap,离上面
,芜湖磨工招聘,芜湖磨工最新招聘信息,芜湖招聘冲压工,,芜湖58同城
,,,爱问知识人
就是我们店庆那天提出来的问题,'再度丰富起来的凡客'.
有关房博士案件
大市场营销是在4p的基础上加上().,a,产品(product),b,价格(pri
成都歌曲,哈尔滨版
侠盗猎车5怎么买机库
安全,健康可以放心的使用.
中国为什么不让改装车
通过制作盖章学习excel中图形,文字的设置技巧,但.
波司登英文字母怎么写?,百度知道
=kinematics
专爱打听人事的人是谁
os,12镜像百度云链接
在今年的宣传周主场活动中,国家食品药品监管总局食品监管三司司长王红,曝光了大连三山岛海产食品有限公司等16家企业近半年内连续两批次以上样品抽检不合格的问题.
,潞城市别墅铝合金成品檐槽(安装)=,价格,厂家,图片,塑料管,杭州摩勒建材有限公司,马可波罗网
ps图片cunchu大小调整
辰龙游戏捕鱼鱼倍率
公务员政审,特长
eclipse,project,explorer,排列方式
大家也都默认猫是爱吃老鼠和鱼的.
动物卫生
小处是楼宇的智慧,社区的智慧等等,让人们生活更便捷.
在关键的征地领域,莫迪于2015年提出了征地修正案,针对基建和重大项目取消了2013年法案关于征地需获得绝大多数拥有土地所有权的家庭同意的条款,可以直接按市价征地.
cvp,b
唱歌总是用假声
中大猪,微生物制剂
昆山市娄苑路413号
三是双方同意进一步加强管理与合作,确保边境地区和平稳定,促进两国边境地区民生改善.
胖子得了糖尿病怎么办
硫软膏需要时停药3天什么意思
杭州送设备去计量测试
华为p7像素多少
2017贵阳市乌当区新九中学教师招聘
物料系统运行
assinatura中文
r语言怎么在当前目录
公积金月供超过公积金缴存,
受欢迎的惊悚电影排行榜,受欢迎的惊悚电影大全推荐,第23页,暴风影音
这就是从《美队2》电影里的"回形针计划"考证到的,"二战"后期美国大举招揽纳粹科学家的内幕.
张家平
北师大网络教育实验心理学(下)作业,百度文库
gameboy,怎么sl
四是根据国际货币基金组织的定义,外储在支持"走出去"等方面的资金运用记账时,会从外汇储备规模内调整至规模外.
做过模特的她有姣好的身材和外貌,2014年曾获得全球性感女星第一名.
餐桌,餐厅家具,成家人文家居,新中式实木家具,,,powered,by,ecshop
,,,爱问知识人
i,watched,quietly,as,my,little,brother,was,caught,in,the,act.,he,sat,in,the,corner,of,the,living,room,,a,12,my,father,walked,in
永利娱乐网址送56,永利娱乐网址送56手机版,,尽情享受,*>
#魅求助#魅蓝3内置音乐播放器为什么没有在线播放功能,魅族吧,百度贴吧
物业服务的方式
平均损益比
h1z1出现一串英文
广发银行淘宝卡怎么样
打印显示一个文档被挂起
inportnew
hql可以出现select吗
厂家指导价(万元)
,胶带硫化机报价,胶带硫化机批发,胶带硫化机厂家,,更新于2017,04,17
谁给我一个末日号,必须是真的!如果给我是真的末日号我给他(,她)500元!
索粉陆一期:谢谢安替.
java,或者周
不带负面情绪回家
割双眼皮医院哪个比较好
鬼吹灯原著盲!
输变电设备用板材
用小毛巾从宝宝颈部开始擦拭
彩妆美人,彩妆美人漫画,彩妆美人13在线漫画,动漫之家漫画网
,不会魔法的魔法师,英语怎么说,在线翻译,有道词典
调查结果:
leukodystrophy,脑白质病变
按时开饭送菜,按时供应开水
集住宅,商业,商务办公等业态的综合建筑群
dnf哪个图适合搬砖,2017
而京津高铁投资额也在时速提升到300公里后,原先的预算大涨,最终突破200亿元.
调查:经尸表检查,确定为触电死亡
27岁能参加对口单招吗
喝水的时间
上游刺激因子进化的研究,,,豆丁网
henry真正男子汉
第一,首先我们看这个,按钮弹出来了,说明漏电了,解决办法,检查线是不是有破损,家用电器是不是受潮.
唐山市凝碧艺术陶瓷制品生产贸易有限责任公司,首页
亚开行,中国gdp
据了解,下一次的讲座"追源溯流--杨宝霖讲东莞姓氏源流"专题系列讲座将于9月24日开讲,届时杨宝霖将会为市民讲述东莞刘氏的精彩历史源流.
网站开发公司,合同
余额宝能直接支付吗
马关政务
法国旅游实拍,卢浮宫,,musée,du,louvre,在线观看,风行网
鲁道夫歌词
mathematica,狄拉克函数
ps2记忆卡什么格式
四次长沙会战,薛岳共歼灭日军19万之多,堪称抗日战场上杀敌最多的将领,连日军都称他为"战神".
举重比赛,奥运会最重要的比赛,巴西人真够大胆的,一直到比赛开场前,还在搭建,让我捏把汗.
03128912510
威能和依玛哪一个好
乱开车是什么意思
五年级下册数学书答案练习八
gb/t,51190
图标领皮肤
你用间接的方法遏制不住它的.
司机考核评分表,,,豆丁网
296个事业岗位可补充报名6月9日至10日,河南公务员--公务员考试,招聘信息网
,处男处女月经后第二天是新婚第一夜
金蝶上门服务收费
充电10分钟可以行驶120公里.
重视高磷血症的治疗,防治血管钙化,图文,百度文库
化工类设备厂家,化工类设备厂家供应商,化工类设备生产厂家批发市场,,,慧聪网
坎特在1997年曾论述道:"通过赋予权力给其他人,企业领导者不是降低了自己的权力,相反他们的权力有可能还会得到提升--在整个企业的效益获得提高时更是如此".
谢谢!
,大公财经,大公网
四小时有望形成m头形态,结构上原油多次上攻受阻于66.3一线,上涨动能已经在逐渐衰弱,但大结构企稳42一线上涨的多头趋势没有发生改变,同样是短线迎来阶段性的调整,日线本次沿着25均线运行,同时多空的分界线,日内短线关注64一线支撑,短线看震荡偏空.
不过他在漫画方面的表现,同样是祖师级的水平.
intellij,glassfish,部署
一代枭雄43集预告,到底谁是内鬼,谁拿了金条?
老伴本身就患有大脑萎缩,到下午5点左右,见老伴仍没有回来,徐女士和女儿便赶忙在附近周边寻找.
,图,东风日产,端午棕享父爱团购会完美落幕,汽车之家
综合推荐指数:★★★
西安科技有限公司
多为尺度分析
影之刃2对决
佛山,全自动拼板机,公司
bilibili直播加入fgo
上虞人行地下通道
lol2016全明星赛解说有谁,lol2016全明星赛解说阵容一览,497电玩
beam,collimators,,,radiology,reference,article,,,radiopaedia.org
问:那如果易建联被交易呢?
陕西省青年科技奖:白占涛,延安大学
篮球用球比较好的几个牌子
这是"十二五",超速增长状态的延续.
朝鲜画报2014,01.pdf,微盘下载
该仪式寓意双方友好的合作从第一步开始,双方必将共创美好及成功.
奥迪2017展示地图
二审则画风突变,原来的"共商解决之道"成为"涉嫌教唆泄密","符合台湾政治运作现况及'宪政体制'"则成为"未能恪遵法纪,身为领导人首显然不足表率".
由嶌欧许的目的
梁中书自然知道这是要他报答老丈人的恩德.
速度与激情5.bd1280高清特效国英双语双字(00h20m10s,电影,高清视频,爱奇艺
,软梯头,软梯头价格,软梯头批发,软梯头厂家,,hc360慧聪网
无夜之国港中限定
打双扣技巧
专家分析认为,成品油设"地板价",进口权逐步放开等政策是上半年原油大量进口的主要原因.
www.porndvd.com
佛山,文华北路,私房菜,南海人民医院对面
简单而言,灵魂理念比神的理念更经久不衰;
avalanche,dragon
go,声明数组
●长乐一家塑料厂凌晨失火
寓意?
虽然当初长丰县劳动仲裁委员会调解,让他们曾经的雇主合肥恒众人力资源管理有限公司(以下简称合肥恒众)赔偿3人约3万元的赔偿金.
1号药店
din332
通过和瑞典瀚德成立合资子公司,布局智能汽车电子制动.
黑人女性皮肤细腻,知乎
busan,10358571
怎么才能让两个设备同时登录微信号
一个人三声吼把另一个人困住了是什么成语,百度知道
今年4月中旬,20余家主要从事网络直播业务的企业负责人共同发布《北京网络直播行业自律公约》,承诺从4月18日起开始大范围整改,并加强自查力度.
加拿大双学分课程
中新社上海8月19日电(记者李佳佳)上海迪士尼乐园居然需要靠"黄牛票"降价揽客?
parallels,desktop卡死
党派,中央
阿迪4码多少厘米
,,名侦探柯南,,里的主角,柯南,已经是大叔级别了,怎么还有那么多小孩喜欢,柯南是96年出的,当时,百度知道
新都西南石油大学离高铁站有多远,百度知道
清朝打的是广东麻将吗
山顶上有一个小庙.
治疗白斑哪里好
目前电网运行整体平稳,居民正常生活用电能够得到保障.
大脑双侧动脉椎基底动脉血流速度加快,什么意思.
southernairepersonal,font
诶呀,我对导游说你这辆车要去那么多地方吗
河流表面平静,中心却暗流涌动,杨勇几次欲接近青年时,都被暗流掀到一旁.
崩坏3,神农草
给离婚冷静期通知书点赞
移民中介,英文
实时数据挖掘
essential牌子
陶谷新村,房价
德孚罗电子技术咨询
漫动作三国对战卡牌
整车整备质量
圣痕炼金士10.5下载
半梅热量
武汉大吗
2007年9月任正科级职务,现任山丹县国土资源局局长.
domain:www.ybyl520.cn
中建五局青苗计划
3月厦门专利侵权纠纷经典案例全方位解析专题讲座2,土豆,高清视频在线观看
get,your,high,trust
总是莫名崩溃重启,win10吧,百度贴吧
所以对于我来说,参加世界杯的可能性已经很小了.
仙剑6,外挂
因为食盐如果摄入太多,会让肾脏的排放压力加大.
initialization,failed,for,block,pool,<registering>,(datanode,uuid
上海市城市化生态过程与生态恢复重点实验室,
封装系统瘦身
那个时候,两家人已经为这事纠缠很多年了,趁此机会双方商定了一个赔偿数目,5300元.
协作,分享
.a静态库引入后有.o错误,ios
谈谈你对中国传统文化的理解,百度知道,
万宝路烟在中国有分公司吗?,百度知道
,小吃车加工,特色小吃车,三轮小吃车,移动快餐车,电动小吃车,定制快餐车,四轮小吃车,多功能小吃车,流动早餐车,改装小吃车,德州焱川餐车有
pf弹跳和篮板多少够
据中国证券报,新三板监管规则正酝酿全面调整与升级,涉及挂牌准入条件,定增资金管理,财务报表规范等诸多方面.
潘迎紫主演的电视剧
冰封王座物品什么最好
所以培训机构也与小升初无关.
前几天抽到一张血法师卡尔萨斯,大家说有用没?
马克思主义最主要的特征
snes9xw,151.rar,556kb
easyui,datagrid,ie下不能编辑
怎样知道手机的号码
中国人寿2016年交了多少税
导演:巴塔萨·科马库(baltasar,kormákur)
unis.nu
女生引起话题
er图外键
但这位发言人拒绝披露英国启动脱欧程序的具体时间.
我地个奶奶们啊,怎样将ipad,上的视频和图片彻底删除啊,就是删除后在哪个软件都找不到,it168
直播综艺制作团队
攀枝花市审计局积...,
0可以当除数吗?为什么
ppt早电视中打不开
当事人朱先生:侧翻以后,交警,路政都来了,来了以后,交警就叫施救队过来了,施救队当时就跟我说要三万,四万.
,idon'thaveanybutter.ihaven'tgotmuchbutter.这两句是一个意思,但请问much和many是不是一定和.idon'thaveanybutter.ihaven'tgotmuchb
库存指标,互动百科,
调用公网上web,service错误一例server,was,unable,to,process,request.,,,程序员看经济,,,博客频道,,,csdn.net
晋江兰峰小区一住户被入室盗窃20万?
对爱固执的摩羯座
手机摄影,文字,林之云在雨后的大明湖散步,处处可见雨滴的影子,一根松针的尽头,带着一滴恋恋不舍的水.
15254169257
这些数据表明,今年以来,市场情绪趋向稳定和理性,人民币汇率贬值预期减弱,跨境资金流出压力逐步缓解.
谁一手干什么一手干什么(造句)
"徐婉,你确定是这条路?
魔狼战纪何时上映
相学电影
http请求,连续几次超时后就不再请求
在今后的数年里,随着消费升级,高品质suv将更受市场追捧.
secret,love,gouketsuji
java,map,key返回list
其中第16条,第17条,第18条,第22条和第64条都对少数民族干部的配备和培养做出了明确规定.
2017年12月,苏宁公告称将减持不超过550万股的阿里股份,占目前公司持有股份的20.89%.
诗词大会牛人
啥意思,辽宁现代服务职业技术学院吧,百度贴吧
维生素含量
今年3月底,麦当劳宣布,在中国内地以及中国香港和韩国引进战略投资者,提升竞争优势及增加资源,实现更本地化的发展策略.
istruzioni,di,installazione.pdf,微盘下载
1996年任省文化厅副厅长,党组成员.
,喂药器,宝宝喂药器,针筒喂药器,可用于小孩老人,婴儿喂药器,价格,厂家,图片,其他母婴用品,广州市白云区人和酷童母婴用品商行,马可波罗
光绪9年,随着清朝懦弱,法国开始蚕食清朝殖民地越南,同年12月,清法两国因越南殖民地问题争执不下,最终兵戎相见,法军在不宣战的情况下,悍然向驻扎在北圻的清军发起攻击,清军不敌,法军乘机北上,杀入广西.
橙卡水平,三大魔王全是橙卡水平,虽然比不上红卡稀有,但也不是那么容易到手的.
690,16岁生日快乐啊,原创,高清视频,爱奇艺
定州信誉楼商厦招聘
中交路桥中标建抚高速公路建三江至前哨段工程
佛山市三水区云东海街道白云路北侧1号地块一之三地块
有人认为他是人工智能的布道者:在企业中做了很多铺垫性工作,身体力行的普及深度学习知识,让更多人加入到这个行业中来.
oracle状态started
annual,reviews,用户使用指南,,,豆丁网
男子在网吧手机被偷,转头偷别人手机作"补偿",社会新闻,大众网
在《好久不见》的剧本创作中,除了沿袭对现实生活的细腻描绘,也加入了新的尝试,即把当下社会的冲突矛盾与美好的爱情有机融合,打造更加直击人心的都市温情.
魔兽世界游戏最低配置要求
上海迈狮广告有限公司
07156532666
星河战队同人小说
kejiquan
平时体温36度排卵期36.2度排完卵36.8度什么原因,百度宝宝知道
15832495600
黎庶昌的诗
csgo电脑名字
天宇布袋戏的天宇世界观,百度知道
手机不能在有可燃气体的环境中使用
大通证,入台证,区别
痒,系列mv2,杜蕾斯经典内涵广告,在线观看,,,酷6视频
他的突破,三分球,控球,传球,防守面面俱到,深得李楠喜爱.
开采的同义词
norcle一saddle是啥牌子的折叠车,百度知道
今后,客户朋友在快信办理业务后产生的征信记录,可直接在快信公众号的"征信查询"入口进行小贴士:现阶段,"征信查询"暂开放部分客户,全量客户的查询权限将陆续开放.
downg.com,zdfans.com
word2013永久激活工具
(主要是伪娘类型的),百度知道
名人名誉权被侵犯的案例
十大戒令
奥义,日语
王者荣耀彩虹名字花边
九十铺中学一直以来把"办家长满意的教育"作为学校工作的追求,把培养一支师德高尚,业务精湛的教师队伍作为师德师风建设的核心工作来抓.
暖气片采暖好处
中国知网查重会查专利不?
而对美国市场的出口额虽也有下跌,但仍达到1.78亿瑞士法郎,成为7月份瑞士钟表海外最大市场.
投储在线官网,汽车抵押贷款,快乐投资;车贷理财,高安全值得信赖的网上理财平台,投储在线,技术驱动金融,理性投资,轻松理财!
,艺龙旅行网,酒店预订,机票查询,酒店团购,电话4009,333,333
天泰定福苑房价,天泰定福苑房价走势(北京链家网)
英语日语的那些一同
outlook2016如何删
谢谢!
阿畅(化名),湖北人,今年18岁,在乐清一家商场务工.
top,model,kevin,baker,jerks,off,and,cums,on,webcam,shows
相互尊重是相互理解的基础
第18分钟,斯特林左路内切后左脚劲射稍稍偏出,颇有威胁.
推动义务教育均衡发展
淘宝店铺复制专家,智者淘宝店铺宝贝复制下载专家,v201508下载,非凡软件站
中高协2012年宝马大师赛资格赛参赛名单公布,综合体育,新浪竞技风暴,新浪网
我的世界我是一只小黑
:www.epiao1616.com
mongodb,sails
三,弓箭手流派及加点①火属性弓箭手以上技能为必加技能点,您可以把多余的技能点加在暴风箭雨,直接射击,穿透箭,锐利之眼,雄鹰系列技能和自身强化技能等,另外火属性弓箭手推荐加雄鹰之魂.
据悉,关于赔偿金的支付时间,由纽约市政府支付的410万美元赔偿金将在格利的女儿阿卡丽18岁时支付;
,,360网站安全检测
上海泡泡卡啦服饰有限公司
成都市医院视频监控系统技术规范
如何做病理
想玩一些小家族,如村上,太田,幕府将军2全面战争吧,百度贴吧
,威廉丁动作片鉴赏,本图片截取自《star205,号泣激痴汉地狱,外道》第九十分钟,著名女优原纱央莉,在其中主...,,,背包兔旅行微博,
求详解,百度知道
吟古诗诵离情古诗词
120#多少克纸
eiy9.com
⒅柿壳啃!
雾霾天对呼吸系统影响最大,容易引起急性上呼吸道感染,肺炎等疾病.
预出美国schiit,valhalla,2代电子管胆机耳放,成色99充新,附高清大图,
60岁微友发来的求职信/"阿姨"职业跑火/弋阳出现人才荒,,,微口网
拒绝央视煽情的谎言
huandengpianbeijingyinyue
360手机助手正在安装很久
平安银行信用卡征信补件
emui5.0之后qq有问题,,,荣耀8问题反馈,花粉俱乐部,
睫状体冷冻或光凝的位置是(,),a.角膜缘后lmmb.睫状体平坦部c.角膜缘后2~3mm,答案,百度高考
爱着就像老鼠爱大米
fleur,pellerin,lance,un,projet,de,grande,école,de,mode,publique,,,领英,
030410,312,1080p,磁力
河姆渡聚落居民生活的时间距今多少年
2017年12月24日,汕头第三届马拉松如期举行!
也可以说这个基因遗传的神经症,也可以说是心灵受伤之后自我保护的分裂神经病症.
艾瑞克·巴纳,(豆瓣),
起点10000币多少钱
人体部位介绍
混凝土与钢筋的容重
美利达公爵500,2010款改装
在杭州市的中心区域,拱墅区城管局副调研员曾平华正在全身心地投入密渡桥路改造工程,"我们把海绵城市的理念全部用过来了."
哈尔滨的商家看过来,餐饮,娱乐,商家,免费推广推荐,美食联络官:华子,美食品鉴预约电话:,18645118881,品尝特色,传承经典.,,www.hrbmeishi.cn,商家可以在网站申请品鉴活动,打动吃货的舌尖.
我16岁身高172,还会长高吗?
四,结,语若是抛开"胡化"与"汉化"分析框架的陈见,而从孝文帝迁都的史料本身观察留守平城的"旧人"的言行及其内部复杂的关系,不难发现平城叛乱的发动者和参与者被孝文帝悉数打为"旧人"的背后,实际上与现实政治密切相关.
十二五规划,澳门
《老梁看电视:罗大佑,闪亮的日子》,综艺,高清视频,爱奇艺
有时拍照会耽误你用心欣赏美丽的风光--懒拍的时候总是这样安慰自己.
再加上现在p2p进入备案冲刺期,不排除一些"假p2p"明知通过不了备案,趁临死前捞一笔.
前挡风玻璃膜去除
列表索引必须是整数,而不是元组
送筷子
7月上旬,根据井陉县委县政府的指示精神,该县进入防汛期.
作为评委的王亮,也对张柏榕的表演给予了很高的评价,并登台与张柏榕互动.
陕西科技大学,招生办
每到十月中旬,山上到处红艳一片,秋日斜阳闪耀其上,妖娆迷人.
)做法又只能局部改善,对整个片区未必有利甚至更糟.
samsara电音舞音乐
试述使用高压蒸汽灭菌器的注意事项.
你在树上哪个位置
008424630393
linux,查看是否,ftp
陕坝中学校花
java导出excel表格jxl
我国软件行业占世界
德国e+h科氏力质量流量计80a价格,品牌:e+h密度计,,盖德化工网
xpenoboot,
对这些运动员进行药检复检,再一次表明了国际奥委会反兴奋剂的承诺和决心.
sqieezomg
另外,北京,上海等十大城市7月份(新建)住宅均价为22945元/平方米,环比上涨2.20%,涨幅较上月扩大0.68个百分点.
东阳光科即将更名为东阳科技,东阳光科(600673)股吧,东方财富网股吧
人族大法师dazhao
,图,nike,air,foamposite,one,silver银色战魂,叱咤球场
就像肯德基和麦当劳一样,它们把零售店开到了城市的每一个角落,让oppo和vivo手机成为许多中国销售者的首选.
1.1.1我对谁负责谁对我负责,百度文库
想要去香港澳门玩.
gta4黑人
老瓷板画,老瓷板画鉴定,来自藏友wangdongtai,瓷器鉴定,明鉴定,古玩鉴定估价,华夏收藏网
excel怎么查看是否重复
嫡子为难剧透
肩膀,背后疼怎么办
这是一个由浅入深,循序渐进的过程.
密室逃脱614关
家有儿女新版本(2),作文,作业帮
,,360网站安全检测
,订制被套纯棉,,床上用品,订制被套纯棉图片,价格,,,淘宝网
白居易留恋这片山水.
蜂巢图形
龙湖滟澜山艺墅前景
余姚中梁首府优惠
人的一生就像是一叶扁舟,在茫茫大海上不停地漂泊.海上不可能永远风平浪静,不可能
谢谢!
数字芯王牌软件
互联网贸易委员会
deb怎么装
尼克.胡哲励志演讲短片
体验式教学思考
面对公孙离这样脆的英雄,妲己一套连招就能带走,所以千万不要给到妲己先动手的机会.
post,doctorate,positions
,昂立国际教育团购,,昂立作文与英语体验课,百度糯米
这本可以是行动流产的时刻,一个意见一致的眼神在他们之间传递.
configure:,error:,libz,not,found
小营珠宝城,有假货吗
但其实这样并没有把猪肉洗干净!
不可思议迷宫血狼限时副本
台媒:马英九可用中共党建之道改造国民党,台湾,凤凰网
《re:creators》于自己房间观看着动画的水篠飒太的眼前,在画面的对面出现了应该放映着的动画角色赛蕾嘉·尤比缇利亚,和穿着军服的谜之少女.
遇到交通事故,你会处理吗?
陈先生说.
以亿通科技为例,自2011年上市以来,在每一个报告期的前十大流通股东中,均会出现周信钢及其妻女三人中至少一人.
有没有知道iphone5数据线焊接方法的,百度知道
爸爸去哪儿2未播片段,娱乐,高清视频,爱奇艺
会议听取了金之路审计事宜.
水利的基本知识
大雄与云之国,国语
棉花被子发黄
再不然就增加车子强险金额,一来增加赔付额,二来加大赔付范围.
求动漫,异邦人无尽谭皇,的百度云链接,谢谢,百度知道
中华医学会肿瘤学分会主任委员
赵福宏
他的工作和思维方式也与众不同:用人不多考虑出身和背景,而是在直接接触过程中悉心观察和分析其人品能力,只要他认为对革命事业有利,对破案有利,什么样的人都敢用,什么别出心裁的方法都敢用(1951年1月布鲁任广东省公安厅长时被诬陷入狱,"丧失阶级立场,包庇重用坏人"是主要罪状之一,仅广东港澳地区受他株连的公安干部就有一千多人).
造物法则服装
蓬莱供电:"向我看,跟我干,让我来"活动有声色,鲁电风采,电力频道,,齐鲁网
10句经典健身励志格言
,广东陆海空物流有限公司,广东陆海空物流有限公司招聘,待遇,面试,怎么样,看准网
velodyne威力登,dd12+
赤道附近春夏秋冬
尼克·卡特尼克·卡特(nick,carter)尼克·卡特,1980年1月28日出生于美国纽约州詹姆斯顿,歌手,演员.
庆铃之所以在此时主打宽体轻卡和都市物流车市场是因其对这两大市场的预判,首先,宽体轻卡是目前庆铃大力开拓的市场,也是轻卡细分中增速快的市场,近年来,随着高速公路网建设速度的加快,以中长途货运为主的宽体轻卡备受追捧,其保有量在轻卡产品总量中的占比已超过20%.
艾尚半永久培训怎么样
烘焙技术培训中心
俄罗斯国防出口公司在珠海航展2016上的vr宣传片2,科技,高清视频,爱奇艺
"小西米"表示,做直播的确比较赚钱,但网上所说的月入几十万上百万元只是极少数的情况,而且竞争越来越激烈,主播们为了多赚钱,会用各种手段,"比如说,年轻女主播的观众多是同年龄段的男生,所以'撒娇卖萌'就是必备的技能."
怎样让老人写遗嘱在那里生效
玉米鸡蛋烙
北大"数据库及其应用"上机步骤与操作说明,,,自考上机实践,,,北京自考门户网站,北京自考热线
第86届奥斯卡动画短片金像奖片奖
activemq,sslcontext
可没多久,他就发现自己戒备过度了--今年5月以来,一场被当地媒体称为"城中村整治最严模式"的治理行动,在深圳龙华区龙华街道景乐南北区展开.
,特价供应,100公斤容量型不锈钢离心脱水机,甩干机等脱水设备,价格,厂家,图片,工业洗衣机,干洗机,泰州市海锋机械制造有限公司,马可波
stal,laval
风速30米/秒,压强是多少,百度知道
林心如汪东城电视剧
黄鹤楼价格表,指唇间,新浪博客
1,先将一杯水放在冰箱的冷冻室,等水彻底结冰后,在冰上放一枚硬币,重新放进冰箱.
js如何通过id传输id所对应的所有值,百度知道
眼见歹徒露出破绽,一名盾牌手快速上前,高举盾牌将歹徒打倒在地.
另有10起受贿发生在其任济宁市副市长期间,有17起发生在其任济宁市医学院党委书记期间.
深圳市品兴达科技有限公司
看完你有什么感觉,欢迎留言评论!
四川75公斤和面机
亚克力棒料
时代在召唤,操神状元
毛线钩织猫头鹰童毯详细教程,编织乐论坛
在墨脱,每年的5,9月是雨季,3000,4000毫米的降水在这几个月集中倾泻下来.
win7怎么给电脑设密码
歌手第5期谭晶《赛里木湖的月光》
济南凯达
win7,nginx,rtmp,module
举行哪些仪式?
13610314496
tce,v3.17.0,build,461
,山西涉外家政,山西涉外家政公司,,,,山西去114网
usb接口kvm切换器,如何使用
10个月患儿轻咳嗽伴发热半天晚上呕吐4次
我已经使出了体内的洪荒之力.
当灾难来临,总有一群人在第一时间伸出援助之手.
个人隐私侵权
2,光伏用地哪些部分须按建设用地管理?
慢病毒载体技术将基因稳定添加到患者的自身细胞中,为患者永久的进行基因组整合,提供持久的和潜在终生治愈的疗效.
,,,爱问知识人
兔子不吃窝边草?
这说明,应该读名着!
要深入贯彻中央和省里的部署要求,强化责任落实,汇聚各方力量,加强督导问责,全力打好脱贫攻坚硬仗.
此时的西门庆,毕恭毕敬,不再是阳谷县寻花问柳的土豪,而是一位像模像样的官员.
but,opec,officials,are,offering,no,apologies,,and,s,,,,,,,,,at,the,theory,th
倪晓安
,转载,放血疗法及放血穴位,坡上草,新浪博客
"江春男进退之间,为何要拖一周?"
当前少数民族学生思想状况的主流是积极,健康,向上的
大雨2015.7.29,为你送上我最最真的祝福..生日快乐!
(戴文婷,任远)
今晚二号线嘉禾望岗方向迟收半小时
没错,人类与吸血鬼生下了一个吸血鬼宝宝,在生孩子的时候贝拉一度濒临死亡边缘,无奈之下,爱德华给贝拉注入自己的毒液将她变成吸血鬼,然而这个吸血鬼宝宝引来了意大利身为吸血鬼贵族的沃尔图里家族的不满,沃尔图里家族然后就是激动人心的大战了,成为吸血鬼的贝拉拥有了特殊能力加入战斗,库伦家族练手狼人对抗强大又古老的沃尔图里家族,但是由于对手过于强大,在恶战之中,双方死亡惨重,反派首领被杀,故事一转回到开战之际,原来库伦家族利用看到未来的特殊能力让"大主教"看到战斗的后果,劝说其放弃,最后计划成功了,化解危机.
ambro,manufacturing
图为姚叔嫄介绍产品市场推广情况
油盖塑料公头断了盖不上
党的十九大报告指出,要加快建立多主体供给,多渠道保障,租购并举的住房制度,让全体人民住有所居.
如何取消注释
还完阴债有什么感应
真是苦了百姓,粮食价格一直降,为什么呢,,百度知道
怀特说:"它已经开始变绿了.
勇者是女孩第51话,勇闯女浴室全集漫画在线观看,733动漫网
洋口味的雪糕价高却不失尝鲜客.
在威斯特法伦的声浪中,更"狡猾"的拜仁拿走了冠军.
梦幻西游特殊祥瑞,怎么来的
味精摄入过量有哪些危害,饮食问题,饮食指南
药物流产3天过性生活了,现在小肚子痛怎么办?
限购是控制购房资格来干预房价.
vmware,automatic,kmods
苏州实验小学,何平
gta,xbox,360
虽然被对手以21:12扳回一局,但林丹决胜局一路领先,没有给对手任何机会,仅用时20分钟就以21:9的悬殊分差锁定胜局.
国务院批转深化收入分配制度改革若干意见(全文),中国广播网
山地开发,架桥修路,水库加固,荒山绿化,通水通电,信号覆盖,在别处容易做到的,在此处都难以做到,更不要说喀斯特溶岩地貌的山,大型机械都难以撼动.
智能化是未来停车场发展的大势所趋,智能停车场最新的技术和应用趋势主要有云停车服务平台,无人值守自助缴费.
比尔盖茨:马云将替代自身,成为全球首富!
西咸管委会领导
他找到了作词家孙仪,挑选出自我感觉不错的曲子,请孙仪填词,其中并没有《月亮代表我的心》但孙仪却在翁清溪挑选剩下的的作品中发现了这首曲子,哼唱了一下并决定留下填词.
西藏叄柒实业有限公司
三相电源监控器
以前连买盐都没有钱,好多年轻人都找不到婆娘."
事实证明,在当前市场竞争日趋激烈的环境下,整治营商环境,除了动真碰硬的同时,还需要持续发力,久久为功,在改善营商环境中拓宽发展出路,有力地激发全社会创业创新热情,实现新一轮振兴发展的步伐.
李七喜早期微拍
成都核名通知书文号
《福建省建筑施工安全防护制作安装标准示范图集》,福建省建设工程质量安全监督总站,,中建海峡建设发展有限公司,摘要,书评,试读,图书
李志歆博客
pvc洁面天花大样图
社保卡可以异地刷吗
hdy电子科技有限公司
东城喷油加工
远古时,负责保护本部落安全,抵御外来之敌的酋长常常被比作勇猛的狮子,而在神话故事里,狮子又是陵墓和庙宇等圣地的卫士.
h6,新款
笛梵,骗
元阳县教育局组织学习贯彻党的十八届五中全会精神,元阳县教育局
跨一步再运球,究竟算不算走步违例?,,,街球实战,,,虎扑篮球社区
股票战法的种类
天津师范大学教育学研究生调剂专业
这"三个目的"背后所影射的正是我国棚改过程中存在的三个问题:一是过去各地有将其他项目包装成"棚改"项目变相融资行为,增加地方隐性债务风险;
liquid,converter,online
word,2013,字距
,电子签到企业名录,,电子签到黄页/公司库/大全/厂家/供应商,,,便民生活,,,阿土伯企业名录
速算盒子修改姓名
812后,滨海新区对区内583家危化企业开展全面整顿,列入取缔,关闭,搬迁方案的企业有85家.
13111323699
麻烦问有经验的朋友,监理挂靠风险大,还是一建风险大呢?
新的画卷徐徐展开,它的底色是青翠.
extjs,中,编辑按钮图标,的属性
我们要学会放弃
vb2010,控件数组
马云太太
,mv,britney,spears,,ice,ice,baby,x,factor布兰妮热舞片段,中文字幕,,,高清mv在线播放,,,音悦tai,,,让娱乐更美好
幼儿成长记录册幼儿园版
中国人民大学国际关系学院副教授储殷告诉时代周报记者:"中方项目组的谈判人员,觉得中泰铁路的频繁变动,主要是因为中方的贷款利率过高."
莲湖路到水司十字公交
2016年两高一剩行业
比普通朋友好点的关系,以前同事7个月这样,刚离职时还经常联系,后来慢慢就不联系偶尔联系,最近又联系,百度知道
由玩家自由选择!
2004年个人所得税及同比增长幅度
i,wanan,be,lolicon
这也就是我为何看好巴萨取得西甲三连冠的原因.
mah,jong
蜗牛,蜗牛集市
淘宝上原价现价怎么弄
今年三月,听说自家小区被列入了棚改范围,谢泽林可高兴了.
山东大学2014年自主选拔录取招生简章,新浪教育,新浪网
以每股,5元
《象》曰:雷出地奋,豫.
家里来只小黑狗好不好
凌派,电子手刹
答:农业转移人口市民化有利于促进流入地政府经济社会发展,但要在短期内使得大量农业转移人口实现市民化,成本较高,财政压力很大.
高清晰度摄录一体机hdwf操作,,,爱问共享资料
服装最新hs编码
谈高中物理力学三大解题技巧构建,,维普网,,仓储式在线作品出版平台,www.cqvip.com
深入查摆新发展理念是否树立和落实,强化践行新发展理念的思想行动自觉
下载最新版本完整包
漂洋过海的异国之音,土豆,高清视频在线观看
游泳世锦赛不仅仅只有孙杨,细数中国新生代表现,,体育,,人民网,
光之美少女smile片尾曲
龙珠二龙山滑雪场旅游攻略,百度文库
"10号文"指出,或为大型煤矿企业--具备年产300万吨,而且至少有一个年产120万吨机械化开采矿井的地方骨干煤矿;
英超,桑切斯失点献传射,吉鲁红牌阿森纳2,1胜,国际足球,英格兰,新浪竞技风暴,新浪网
欧洲板材,欧洲板材价格,优质欧洲板材批发/采购商机,,,慧聪网,
辽河化肥厂历史
张学友青岛
excel环形图
和郭灿的感情,两家人也是乐见其成的.
20届研支团湟中一中队长刘淙,职教中心队长朱海雯介绍了20届研支团一年来的培训工作,包括理论学习,例会培训,技能考试等情况,并简要讲述了未来一年的初步工作规划.
机器人行业,是增长型行业吗
上海自贸区制度框架基本形成,改革创新成果在全国复制推广
遗憾的是,孩子没满月就夭折了.
基金代码:002517
基因组学
neo继承了adidas的运动精髓,同时汲取了当下一切潮流时尚的设计元素.
第一个出场的马龙面对日本队并没有一帆风顺,第二局在对手连续打出几个擦边擦网球后,以4比9落后,不过马龙还是笑到了最后.
一位要求匿名的拟录取毕业生透露,零售经理岗本来招收了大概500人,这次劝退了大约50人.
最终我们希望能够形成一个专业化,标准化的格局
请教一件事,三代i7和六代i7差距大么,百度知道
marriott.
要实现全年任务目标,意味着下半年将要完成全年任务的70%左右,去产能压力加大.
css,wen
然而,生下孩子后,因为观念不同,教育孩子的理念也不同,阿兰和家公家婆关系闹得越来越僵.
镜头无损的暴怒野兽
若是不太正规的商家,顾客询问时不会主动告知,而是"事后"才说.
腾讯,九州药业
49龙女单刷黑风寨,4分钟碾压抄家成就,dzs斗战神视频,17173游戏视频
每次异地恋男票问我吃晚饭了没有,我说没有,都会被他骂后来我为了不让他骂我,就每天编一个豪华晚餐骗他,连续骗了一星期,他忧心忡忡的问我:"你是不是被包养了?
警方称打人者非民警
12岁女儿紧紧的夹住我的腰
汪文康
美利达,公路越野车
关于大众途锐的舒适度的问题,百度知道
像这样的作战简直不要太多.
未来,我们携手与共!
养护招标
趣园早茶也是如此,每天清早就进入高峰期,等位的人排队到门口.
cheddar,cheese,chowder
星巴克联系人
性能,百度知道
麻仓优喷奶
山大将修订人才培养方案,完善课程体系设置,强化创新创业课程建设,将创新创业教育课程纳入必修课,选修课以及学分管理,建立在线开放课程学习认证和学分认定制度.
庄子,pdf
头等舱近义词
fifa,16,多特蒙德生涯模式,35,多特蒙德神帅成历史第一人,高清在线观看,,,pptv聚力,,,始终和你同一频道
微分几何与那些内容有关
山西证券拟收购格林期货,券商主导期货并购模式浮出水面,,,新华财经,,,新华网,
2017广东社会工作者职业水平考试报名入口
communal,space
此前,不莱梅的总经理鲍曼在采访时就暗示张玉宁在球队前途暗淡:我们本来计划让张玉宁代表球队打u23的比赛,但如今无法做到这一点的话,我们将会采取别的选择.
google浏览器application,error
ins/gps,紧耦合算法
comprehensive,analysis,of,human,papillomavirus,and,chlamydia,trachomatis,in,in,situ,and,invasive,ce,免费下载,百度文库
后面的而郑爽作为天娱传媒的艺人,一直在参与天娱的所制作的电视剧的演出,两次出演太平公主,那时候的她虽然稚嫩,但是演技都是非常的自然,随后的多次参演的电视剧都是和前男友张翰所拍摄的电视剧,本该是她大火,抓住机遇的时候,可郑爽那时候几乎不接什么戏,产量比较低,2013年的她更是在出席某活动的时候当众承认整容,惊呆众人,原本清纯的脸蛋变成了像杨颖那样的脸蛋,那时候的她,网上铺天盖地而来的黑料,后来取出假体的她恢复了曾经的清纯,但是小爽那时候所受的伤是不可逆转的.
工程方案设计方案
不过,当下我国医疗体系中的统筹账户还没有打通,"这是处方外流碰到的瓶颈,可能会影响此后各类互联网医疗企业,政策需要改变."
而这一部电视剧,是我这么多年来看到后面实在是忍不住给负分的作品.
硬盘,z
风油精q空间视频
降温了,想发说说,怎么发,百度知道
东方圣城,仙境海岸,平安泰山,齐国故都,泉城济南,黄河人海,鲁风运河,水浒故里,亲情沂蒙,华夏龙城十大文化旅游目的地品牌建设,是促进文化旅游融合发展的重要载体,也是促进山东省旅游业转型升级的重要抓手.
说白了就是不想用价格这个规格去找客户,这样很容易损失客户,俗话说"一分钱,一分货".
